placa;ver_placa;anio_permiso;Tipo_pago;CodSII;fecha_emision;fecha_pago;MONTO_PAGADO;REAJUSTE;MULTA;PERMISO_ANTERIOR;ELECTRONICO_PAPEL;FECHA_VENCIMIENTO
AX4429;6;2024;TOTAL;HB2430017;06/02/2024;08/10/2024;36693;873;3487;;PAPEL;31/03/2025
BBHS98;1;2024;TOTAL;;01/10/2024;02/10/2024;201271;396;2974;;ELECTRONICO;30/09/2025
BCFW50;K;2024;TOTAL;;24/10/2024;24/10/2024;201271;396;2974;;ELECTRONICO;30/09/2025
BDXT35;4;2024;TOTAL;HB2290083;06/02/2024;11/10/2024;36693;873;3487;;ELECTRONICO;31/03/2025
BDZW42;0;2024;TOTAL;SD1970121;06/02/2024;14/10/2024;36693;873;3487;;ELECTRONICO;31/03/2025
BFWH71;2;2024;TOTAL;SU1210026;06/02/2024;04/10/2024;65791;1565;6252;;ELECTRONICO;31/03/2025
BG8630;9;2024;TOTAL;;01/10/2024;01/10/2024;134181;264;1983;;PAPEL;30/09/2025
BHXZ99;6;2024;TOTAL;;02/10/2024;02/10/2024;201270;396;2974;;PAPEL;30/09/2025
BJHK27;1;2024;2a Cuota;SD2350202;02/08/2024;03/10/2024;17103;164;498;;ELECTRONICO;31/03/2025
BKSJ73;7;2024;TOTAL;;07/10/2024;07/10/2024;100636;198;1487;;PAPEL;30/09/2025
BN7220;5;2024;TOTAL;;16/10/2024;16/10/2024;134180;264;1983;;PAPEL;30/09/2025
BPGY61;4;2024;TOTAL;CT500262;06/02/2024;30/10/2024;36690;873;3487;;PAPEL;31/03/2025
BPTC14;9;2024;TOTAL;;04/10/2024;04/10/2024;67090;132;991;;PAPEL;30/09/2025
BSFD54;8;2023;TOTAL;HB500086;11/10/2024;16/10/2024;42306;2038;9383;;ELECTRONICO;31/03/2024
BSFD54;8;2024;TOTAL;HB500086;11/10/2024;16/10/2024;36693;873;3487;;ELECTRONICO;31/03/2025
BVTK60;3;2024;TOTAL;SU1600028;06/02/2024;25/10/2024;80466;1914;7646;;ELECTRONICO;31/03/2025
BVZW46;2;2024;TOTAL;;01/10/2024;01/10/2024;201271;396;2974;;ELECTRONICO;30/09/2025
BWPT74;0;2024;TOTAL;;11/10/2024;11/10/2024;33546;66;496;;PAPEL;30/09/2025
BXBK79;7;2024;2a Cuota;SD1760265;02/08/2024;02/10/2024;17100;164;498;;PAPEL;31/03/2025
BXZF20;5;2024;TOTAL;SU1110069;06/02/2024;10/10/2024;77837;1852;7396;;ELECTRONICO;31/03/2025
BYDC78;6;2023;TOTAL;CT910002;14/10/2024;14/10/2024;42306;2038;9383;;PAPEL;31/03/2024
BYDC78;6;2024;TOTAL;CT910002;14/10/2024;14/10/2024;36693;873;3487;;PAPEL;31/03/2025
BYDK53;9;2024;2a Cuota;SU500047;02/08/2024;15/10/2024;17100;164;498;;PAPEL;31/03/2025
BYTF76;8;2024;TOTAL;;04/10/2024;04/10/2024;33546;66;496;;PAPEL;30/09/2025
BZ3189;7;2024;2a Cuota;;04/10/2024;30/10/2024;33049;0;0;;PAPEL;30/09/2025
BZST80;5;2024;2a Cuota;CT1760260;02/08/2024;01/10/2024;36453;350;1062;;ELECTRONICO;31/03/2025
CBHY89;8;2024;TOTAL;;01/10/2024;01/10/2024;201270;396;2974;;PAPEL;30/09/2025
CBLC68;3;2024;TOTAL;;29/10/2024;29/10/2024;67090;132;991;;PAPEL;30/09/2025
CDBH67;6;2024;2a Cuota;;04/10/2024;30/10/2024;49574;0;0;;PAPEL;30/09/2025
CDDL13;7;2023;TOTAL;;15/10/2024;15/10/2024;238148;9309;38861;PUERTO MONTT;PAPEL;30/09/2024
CDDL13;7;2024;TOTAL;;15/10/2024;15/10/2024;201271;396;2974;;PAPEL;30/09/2025
CDHV86;3;2024;TOTAL;;29/10/2024;29/10/2024;33546;66;496;;PAPEL;30/09/2025
CF7270;1;2024;TOTAL;;01/10/2024;01/10/2024;134181;264;1983;;PAPEL;30/09/2025
CFHT30;6;2024;TOTAL;CT770017;06/02/2024;23/10/2024;36690;873;3487;;PAPEL;31/03/2025
CH4799;2;2024;TOTAL;;24/10/2024;24/10/2024;201271;396;2974;;PAPEL;30/09/2025
CHHP67;9;2024;2a Cuota;CT2250025;02/08/2024;19/10/2024;39627;381;1154;;ELECTRONICO;31/03/2025
CHPL85;1;2024;TOTAL;;03/10/2024;03/10/2024;201271;396;2974;;PAPEL;30/09/2025
CPFC76;2;2024;2a Cuota;CT1760293;02/08/2024;02/10/2024;32543;313;948;;ELECTRONICO;31/03/2025
CPRF73;K;2024;2a Cuota;CT1660043;02/08/2024;03/10/2024;41781;402;1217;;ELECTRONICO;31/03/2025
CPSV29;4;2024;TOTAL;;01/10/2024;01/10/2024;100636;198;1487;;ELECTRONICO;30/09/2025
CRZD98;6;2024;TOTAL;;02/10/2024;02/10/2024;201270;396;2974;;PAPEL;30/09/2025
CS7280;5;2023;TOTAL;;09/10/2024;09/10/2024;158765;6206;25907;;PAPEL;30/09/2024
CVCD25;6;2024;2a Cuota;CT500238;02/08/2024;21/10/2024;35114;338;1023;;PAPEL;31/03/2025
CVFS24;9;2024;TOTAL;;25/09/2024;25/10/2024;67090;132;991;;ELECTRONICO;30/09/2025
CWSV60;7;2024;TOTAL;;22/10/2024;22/10/2024;100636;198;1487;;ELECTRONICO;30/09/2025
CYPW46;0;2024;TOTAL;;01/10/2024;01/10/2024;201271;396;2974;;ELECTRONICO;30/09/2025
CZZC23;K;2024;2a Cuota;HB2350046;02/08/2024;05/10/2024;33985;327;990;;ELECTRONICO;31/03/2025
DBWG93;0;2024;TOTAL;;16/10/2024;16/10/2024;201271;396;2974;;PAPEL;30/09/2025
DCJY99;9;2024;2a Cuota;SU2250068;02/08/2024;06/10/2024;40095;385;1168;;ELECTRONICO;31/03/2025
DDFH41;2;2024;TOTAL;;01/10/2024;01/10/2024;201270;396;2974;;PAPEL;30/09/2025
DGCH41;0;2024;TOTAL;;10/10/2024;10/10/2024;70836;1101;4942;;PAPEL;31/05/2025
DHKP97;5;2024;TOTAL;;10/10/2024;10/10/2024;100636;198;1487;;PAPEL;30/09/2025
DJZG55;1;2024;TOTAL;;01/10/2024;01/10/2024;100636;198;1487;;PAPEL;30/09/2025
DKWR59;3;2024;TOTAL;;01/10/2024;01/10/2024;201270;396;2974;;PAPEL;30/09/2025
DKZC84;0;2024;TOTAL;HB2290111;06/02/2024;01/10/2024;36693;873;3487;;PAPEL;31/03/2025
DLJX97;8;2024;TOTAL;;02/10/2024;02/10/2024;201271;396;2974;;PAPEL;30/09/2025
DLJX99;4;2024;TOTAL;;02/10/2024;02/10/2024;201271;396;2974;;PAPEL;30/09/2025
DP4108;K;2024;TOTAL;;04/10/2024;04/10/2024;67090;132;991;;PAPEL;30/09/2025
DRCW57;3;2024;TOTAL;;02/10/2024;02/10/2024;100636;198;1487;;PAPEL;30/09/2025
DS3186;5;2024;TOTAL;SD1760060;06/02/2024;04/10/2024;36693;873;3487;;ELECTRONICO;31/03/2025
DTCR11;9;2024;TOTAL;;08/10/2024;08/10/2024;33546;66;496;;PAPEL;30/09/2025
DTZG37;K;2024;TOTAL;HB1320042;06/02/2024;23/10/2024;36693;873;3487;;ELECTRONICO;31/03/2025
DTZL35;9;2024;TOTAL;;08/10/2024;08/10/2024;33546;66;496;;PAPEL;30/09/2025
DVTS49;8;2024;2a Cuota;CT1660045;02/08/2024;22/10/2024;36522;351;1064;;PAPEL;31/03/2025
DX9869;0;2024;TOTAL;;07/10/2024;07/10/2024;134181;264;1983;;PAPEL;30/09/2025
DXVF68;5;2024;TOTAL;;25/10/2024;25/10/2024;33546;66;496;;PAPEL;30/09/2025
DZ7142;0;2024;TOTAL;;08/10/2024;08/10/2024;134181;264;1983;;PAPEL;30/09/2025
DZWB54;0;2024;TOTAL;;04/10/2024;04/10/2024;201271;396;2974;;PAPEL;30/09/2025
EV6810;5;2024;TOTAL;;03/10/2024;03/10/2024;134181;264;1983;;PAPEL;30/09/2025
FB8904;2;2024;TOTAL;;03/10/2024;03/10/2024;201271;396;2974;;PAPEL;30/09/2025
FBLW69;4;2024;2a Cuota;SD500283;02/08/2024;18/10/2024;17103;164;498;;ELECTRONICO;31/03/2025
FBPC54;1;2024;TOTAL;;01/10/2024;01/10/2024;67090;132;991;;PAPEL;30/09/2025
FCJH62;0;2024;2a Cuota;;04/10/2024;28/10/2024;16525;0;0;;PAPEL;30/09/2025
FFRR89;9;2024;TOTAL;;25/03/2024;11/10/2024;516118;12279;49043;;PAPEL;31/03/2025
FFSP44;1;2024;2a Cuota;CT1660061;02/08/2024;09/10/2024;34545;332;1006;;ELECTRONICO;31/03/2025
FFVV36;3;2024;2a Cuota;CT2430044;02/08/2024;04/10/2024;71529;688;2083;;ELECTRONICO;31/03/2025
FHCJ19;9;2024;TOTAL;HB500126;06/02/2024;07/10/2024;55878;1329;5310;;PAPEL;31/03/2025
FHRS46;0;2024;2a Cuota;CT2430026;02/08/2024;01/10/2024;70914;682;2065;;ELECTRONICO;31/03/2025
FLZZ57;6;2024;2a Cuota;SD1110284;02/08/2024;28/10/2024;31891;307;929;;PAPEL;31/03/2025
FPBW26;2;2024;TOTAL;;01/10/2024;01/10/2024;67090;132;991;;PAPEL;30/09/2025
FRKP77;6;2024;2a Cuota;SD500266;02/08/2024;02/10/2024;17103;164;498;;ELECTRONICO;31/03/2025
FSLZ66;8;2024;TOTAL;;02/10/2024;02/10/2024;201271;396;2974;;PAPEL;30/09/2025
FSXJ78;8;2024;TOTAL;CT1660057;06/02/2024;02/10/2024;90706;2158;8619;;PAPEL;31/03/2025
FWZJ87;1;2024;TOTAL;;02/10/2024;02/10/2024;33546;66;496;;ELECTRONICO;30/09/2025
FWZL76;9;2024;TOTAL;;01/10/2024;01/10/2024;33546;66;496;;PAPEL;30/09/2025
FXBG67;5;2024;TOTAL;;02/10/2024;02/10/2024;201271;396;2974;;PAPEL;30/09/2025
FXPX86;9;2024;2a Cuota;HB1110135;02/08/2024;07/10/2024;17103;164;498;;PAPEL;31/03/2025
FXRB94;2;2024;2a Cuota;SU2350078;02/08/2024;30/10/2024;46011;442;1340;;ELECTRONICO;31/03/2025
FXXH76;3;2024;TOTAL;;29/10/2024;29/10/2024;134181;264;1983;;PAPEL;30/09/2025
FZ8565;6;2024;TOTAL;CT1760004;06/02/2024;21/10/2024;36690;873;3487;;PAPEL;31/03/2025
GBHR31;9;2024;2a Cuota;SD500283;02/08/2024;30/10/2024;17103;164;498;;PAPEL;31/03/2025
GBHR33;5;2024;TOTAL;SD500283;06/02/2024;10/10/2024;36693;873;3487;;ELECTRONICO;31/03/2025
GBLK42;9;2024;TOTAL;CT2350133;06/02/2024;07/10/2024;170814;4064;16231;;PAPEL;31/03/2025
GE6593;6;2022;TOTAL;HB520001;16/10/2024;16/10/2024;47736;5363;15152;;PAPEL;31/03/2023
GE6593;6;2023;TOTAL;HB520001;16/10/2024;16/10/2024;0;0;0;;PAPEL;31/03/2024
GE6593;6;2024;TOTAL;HB520001;16/10/2024;16/10/2024;36693;873;3487;;PAPEL;31/03/2025
GJLR71;1;2024;TOTAL;;02/10/2024;02/10/2024;201271;396;2974;;PAPEL;30/09/2025
GKJV92;7;2024;TOTAL;;01/10/2024;01/10/2024;33550;66;496;;PAPEL;30/09/2025
GLYG55;2;2024;TOTAL;CT1760294;06/02/2024;15/10/2024;84635;2014;8042;;PAPEL;31/03/2025
GPJT78;9;2024;TOTAL;SU2270312;06/02/2024;27/10/2024;166195;3954;15792;;ELECTRONICO;31/03/2025
GRFH93;8;2024;TOTAL;;07/10/2024;07/10/2024;201270;396;2974;;PAPEL;30/09/2025
GRZD71;5;2024;2a Cuota;CT790163;02/08/2024;23/10/2024;167818;1613;4888;;ELECTRONICO;31/03/2025
GSTP30;6;2024;TOTAL;SU1320156;06/02/2024;10/10/2024;92770;2207;8815;;PAPEL;31/03/2025
GSTR11;2;2024;TOTAL;;08/10/2024;13/10/2024;33546;66;496;;ELECTRONICO;30/09/2025
GVRH25;6;2024;TOTAL;;02/10/2024;02/10/2024;201271;396;2974;;PAPEL;30/09/2025
GVYZ89;4;2024;2a Cuota;;04/10/2024;28/10/2024;16525;0;0;;PAPEL;30/09/2025
GWWX26;7;2024;TOTAL;;01/10/2024;01/10/2024;201271;396;2974;;ELECTRONICO;30/09/2025
GYGT26;1;2024;2a Cuota;HB1320052;02/08/2024;30/10/2024;34408;331;1002;;ELECTRONICO;31/03/2025
GYHL96;K;2024;TOTAL;;08/10/2024;08/10/2024;33546;66;496;;ELECTRONICO;30/09/2025
GYHR16;7;2024;2a Cuota;SU1600047;02/08/2024;24/10/2024;84953;817;2474;;ELECTRONICO;31/03/2025
HC9531;6;2024;2a Cuota;SD1760103;02/08/2024;10/10/2024;17103;164;498;;PAPEL;31/03/2025
HDGJ36;9;2024;2a Cuota;SU2270401;02/08/2024;01/10/2024;60756;584;1770;;ELECTRONICO;31/03/2025
HDPZ47;K;2024;TOTAL;;08/10/2024;08/10/2024;67089;132;991;;PAPEL;30/09/2025
HHLT60;8;2022;TOTAL;;30/10/2024;30/10/2024;89382;6757;24377;;ELECTRONICO;30/09/2023
HHLT60;8;2023;TOTAL;;30/10/2024;30/10/2024;79383;3103;12954;;ELECTRONICO;30/09/2024
HHLT60;8;2024;TOTAL;;30/10/2024;30/10/2024;67090;132;991;;ELECTRONICO;30/09/2025
HJCR60;1;2024;2a Cuota;HB520230;02/08/2024;10/10/2024;51724;497;1507;;ELECTRONICO;31/03/2025
HKSL64;9;2024;TOTAL;;02/10/2024;02/10/2024;67090;132;991;;PAPEL;30/09/2025
HLYS34;0;2024;TOTAL;;11/10/2024;11/10/2024;201271;396;2974;;PAPEL;30/09/2025
HTHB93;K;2024;2a Cuota;VN1110212;02/08/2024;03/10/2024;181673;1746;5291;;ELECTRONICO;31/03/2025
HVKD52;0;2024;TOTAL;CT1600120;06/02/2024;11/10/2024;224487;5341;21331;;ELECTRONICO;31/03/2025
HXHY67;9;2024;TOTAL;;02/10/2024;02/10/2024;201271;396;2974;;PAPEL;30/09/2025
HXYH53;7;2024;2a Cuota;CT1540035;02/08/2024;27/10/2024;36499;351;1063;;ELECTRONICO;31/03/2025
HYRV44;3;2024;2a Cuota;CT2350146;02/08/2024;01/10/2024;99966;961;2912;;ELECTRONICO;31/03/2025
JA1738;0;2024;TOTAL;;02/10/2024;02/10/2024;100636;198;1487;;PAPEL;30/09/2025
JA9270;6;2024;TOTAL;;01/10/2024;02/10/2024;100636;198;1487;;ELECTRONICO;30/09/2025
JBWF75;0;2024;TOTAL;;08/10/2024;13/10/2024;33546;66;496;;ELECTRONICO;30/09/2025
JCCB76;2;2024;TOTAL;;08/10/2024;08/10/2024;67090;132;991;;PAPEL;30/09/2025
JDDF11;7;2024;TOTAL;;01/10/2024;01/10/2024;33546;66;496;;PAPEL;30/09/2025
JDWD48;6;2024;2a Cuota;SU1970060;02/08/2024;31/10/2024;62964;605;1834;;ELECTRONICO;31/03/2025
JDWT28;8;2024;2a Cuota;SD1320190;02/08/2024;05/10/2024;31839;306;927;;ELECTRONICO;31/03/2025
JE1545;9;2024;TOTAL;;03/10/2024;03/10/2024;201271;396;2974;;PAPEL;30/09/2025
JE9063;9;2024;2a Cuota;;04/10/2024;30/10/2024;49574;0;0;;PAPEL;30/09/2025
JF2216;1;2024;TOTAL;;15/10/2024;17/10/2024;201271;396;2974;;PAPEL;30/09/2025
JF2219;6;2024;TOTAL;;27/09/2024;09/10/2024;100636;198;1487;;ELECTRONICO;30/09/2025
JF2222;6;2024;TOTAL;;02/10/2024;02/10/2024;201271;396;2974;;PAPEL;30/09/2025
JF5853;0;2023;2a Cuota;;17/10/2024;17/10/2024;117473;4469;17920;PAILLACO;PAPEL;30/09/2024
JF5853;0;2024;TOTAL;;17/10/2024;17/10/2024;201271;396;2974;;PAPEL;30/09/2025
JG3938;7;2024;TOTAL;;02/10/2024;02/10/2024;201270;396;2974;;PAPEL;30/09/2025
JG9707;7;2024;TOTAL;;27/09/2024;01/10/2024;201271;396;2974;;ELECTRONICO;30/09/2025
JH1418;4;2024;TOTAL;;01/10/2024;01/10/2024;100636;198;1487;;ELECTRONICO;30/09/2025
JH5018;0;2024;TOTAL;;02/10/2024;02/10/2024;201270;396;2974;;PAPEL;30/09/2025
JH8421;2;2024;TOTAL;;27/09/2024;02/10/2024;100636;198;1487;;ELECTRONICO;30/09/2025
JHJC72;1;2024;2a Cuota;CT2350150;02/08/2024;03/10/2024;124674;1198;3631;;ELECTRONICO;31/03/2025
JJFK91;4;2024;TOTAL;HB2290149;06/02/2024;01/10/2024;36693;873;3487;;ELECTRONICO;31/03/2025
JK4095;2;2024;TOTAL;;21/10/2024;21/10/2024;100636;198;1487;;ELECTRONICO;30/09/2025
JK7752;K;2024;2a Cuota;;04/10/2024;30/10/2024;49574;0;0;;PAPEL;30/09/2025
JL4588;6;2024;TOTAL;;03/10/2024;03/10/2024;201271;396;2974;;PAPEL;30/09/2025
JL5705;1;2024;TOTAL;;01/10/2024;01/10/2024;100636;198;1487;;PAPEL;30/09/2025
JL8132;5;2024;TOTAL;;01/10/2024;01/10/2024;201270;396;2974;;PAPEL;30/09/2025
JPDF96;2;2024;2a Cuota;SD2430168;02/08/2024;19/10/2024;27113;261;790;;ELECTRONICO;31/03/2025
JPDX96;1;2024;TOTAL;;04/10/2024;04/10/2024;67090;132;991;;PAPEL;30/09/2025
JRXK52;7;2024;2a Cuota;CT2250016;02/08/2024;15/10/2024;93945;903;2736;;ELECTRONICO;31/03/2025
JRYB25;0;2024;TOTAL;CT1660066;06/02/2024;30/10/2024;295960;7041;28123;;PAPEL;31/03/2025
JSGL62;4;2024;TOTAL;;02/10/2024;02/10/2024;201271;396;2974;;PAPEL;30/09/2025
JSHX76;7;2024;2a Cuota;HB1840237;02/08/2024;11/10/2024;49992;481;1456;;ELECTRONICO;31/03/2025
JWZW68;K;2024;TOTAL;;02/10/2024;02/10/2024;201271;396;2974;;PAPEL;30/09/2025
JYJT20;0;2024;TOTAL;;15/10/2024;17/10/2024;201271;396;2974;;PAPEL;30/09/2025
JYJZ33;4;2024;TOTAL;;08/10/2024;08/10/2024;33546;66;496;;ELECTRONICO;30/09/2025
JZGT77;8;2024;TOTAL;;01/10/2024;01/10/2024;201270;396;2974;;PAPEL;30/09/2025
KBVP85;0;2024;TOTAL;;25/09/2024;19/10/2024;201271;396;2974;;ELECTRONICO;30/09/2025
KCWW29;8;2024;2a Cuota;SU1110216;02/08/2024;09/10/2024;95230;915;2774;;ELECTRONICO;31/03/2025
KE7523;2;2024;TOTAL;;11/10/2024;11/10/2024;134181;264;1983;;PAPEL;30/09/2025
KHJC62;8;2024;2a Cuota;CO1840184;02/08/2024;06/10/2024;65337;628;1903;;ELECTRONICO;31/03/2025
KHYR78;K;2024;2a Cuota;SU1110210;02/08/2024;08/10/2024;195866;1883;5705;;ELECTRONICO;31/03/2025
KJTS42;8;2024;TOTAL;;01/10/2024;01/10/2024;201270;396;2974;;PAPEL;30/09/2025
KKHH66;K;2024;TOTAL;;08/10/2024;08/10/2024;33546;66;496;;ELECTRONICO;30/09/2025
KKXY72;2;2024;2a Cuota;SU2290250;02/08/2024;02/10/2024;67480;649;1966;;PAPEL;31/03/2025
KKZS23;3;2024;2a Cuota;SU1320177;02/08/2024;22/10/2024;111401;1071;3245;;PAPEL;31/03/2025
KRGH28;4;2024;TOTAL;;01/10/2024;01/10/2024;201270;396;2974;;PAPEL;30/09/2025
KTLG46;7;2024;TOTAL;;01/10/2024;01/10/2024;33546;66;496;;PAPEL;30/09/2025
KTWW84;K;2024;2a Cuota;SD2430187;02/08/2024;25/10/2024;96676;929;2816;;PAPEL;31/03/2025
KXHG38;3;2024;TOTAL;;02/10/2024;02/10/2024;201271;396;2974;;PAPEL;30/09/2025
KXJB48;0;2024;2a Cuota;;03/10/2024;03/10/2024;33049;0;0;;ELECTRONICO;30/09/2025
KZFV75;6;2024;2a Cuota;SU1810033;02/08/2024;18/10/2024;107634;1035;3135;;ELECTRONICO;31/03/2025
LBLP24;4;2024;2a Cuota;SU180002;02/08/2024;09/10/2024;43660;420;1272;;PAPEL;31/03/2025
LD2788;K;2024;TOTAL;;04/10/2024;04/10/2024;134181;264;1983;;ELECTRONICO;30/09/2025
LF4760;K;2024;TOTAL;;02/10/2024;02/10/2024;67090;132;991;;PAPEL;30/09/2025
LHRP94;K;2024;2a Cuota;SU470036;02/08/2024;03/10/2024;51418;494;1498;;ELECTRONICO;31/03/2025
LL2785;5;2024;TOTAL;;04/10/2024;04/10/2024;134181;264;1983;;PAPEL;30/09/2025
LLDX17;K;2024;TOTAL;;01/10/2024;01/10/2024;33546;66;496;;PAPEL;30/09/2025
LLHL35;7;2024;TOTAL;;01/10/2024;01/10/2024;134181;264;1983;;ELECTRONICO;30/09/2025
LLLL64;7;2024;2a Cuota;SU1540037;02/08/2024;01/10/2024;165980;1595;4834;;PAPEL;31/03/2025
LLLV67;6;2024;2a Cuota;CO1810003;02/08/2024;25/10/2024;195746;959;2907;;ELECTRONICO;31/03/2025
LLLV71;4;2024;TOTAL;;08/10/2024;08/10/2024;33546;66;496;;ELECTRONICO;30/09/2025
LN7503;K;2024;TOTAL;;04/10/2024;04/10/2024;134181;264;1983;;PAPEL;30/09/2025
LPVD69;7;2024;2a Cuota;SD1840260;02/08/2024;11/10/2024;54072;520;1575;;PAPEL;31/03/2025
LPVG23;1;2024;2a Cuota;CT1660067;02/08/2024;30/10/2024;255043;2452;7428;;PAPEL;31/03/2025
LSBR22;6;2024;TOTAL;;04/10/2024;04/10/2024;134180;264;1983;;PAPEL;30/09/2025
LSBS50;8;2024;TOTAL;CT5430017;06/02/2024;28/10/2024;170445;4055;16196;;ELECTRONICO;31/03/2025
LWSJ50;8;2023;2a Cuota;SU1170064;01/08/2023;23/10/2024;63014;2574;10936;;ELECTRONICO;31/03/2024
LWSJ50;8;2024;TOTAL;SU1170064;06/02/2024;23/10/2024;111550;2654;10600;;ELECTRONICO;31/03/2025
LXDV71;2;2024;TOTAL;;09/10/2024;09/10/2024;33546;66;496;;PAPEL;30/09/2025
LYZH91;0;2024;2a Cuota;SU1210040;02/08/2024;31/10/2024;178769;1718;5207;;ELECTRONICO;31/03/2025
LYZV58;2;2024;2a Cuota;CT2250036;02/08/2024;15/10/2024;286533;1404;4255;;ELECTRONICO;31/03/2025
LYZV60;4;2024;TOTAL;CT5430033;06/02/2024;19/10/2024;461093;10970;43814;;ELECTRONICO;31/03/2025
NK5812;1;2024;TOTAL;;04/10/2024;04/10/2024;134181;264;1983;;PAPEL;30/09/2025
PCJR67;1;2024;2a Cuota;HB770192;02/08/2024;28/10/2024;62503;601;1820;;ELECTRONICO;31/03/2025
PCKD80;0;2024;2a Cuota;SU2270490;02/08/2024;01/10/2024;164181;1578;4782;;ELECTRONICO;31/03/2025
PE2911;K;2024;TOTAL;CT500037;06/02/2024;22/10/2024;36690;873;3487;;PAPEL;31/03/2025
PFBP61;6;2024;TOTAL;;04/10/2024;04/10/2024;33546;66;496;;PAPEL;30/09/2025
PFKY66;6;2024;TOTAL;;08/10/2024;08/10/2024;33546;66;496;;ELECTRONICO;30/09/2025
PFLH91;K;2024;TOTAL;;08/10/2024;08/10/2024;33546;66;496;;ELECTRONICO;30/09/2025
PFLX21;5;2024;2a Cuota;SU1760230;02/08/2024;26/10/2024;179836;1729;5238;;ELECTRONICO;31/03/2025
PHDL81;8;2024;TOTAL;;01/10/2024;01/10/2024;33550;66;496;;PAPEL;30/09/2025
PHDL98;2;2024;TOTAL;;04/10/2024;04/10/2024;33546;66;496;;PAPEL;30/09/2025
PJFD52;6;2024;2a Cuota;;04/10/2024;28/10/2024;16525;0;0;;PAPEL;30/09/2025
PJZR66;7;2024;2a Cuota;SD1320198;02/08/2024;08/10/2024;79868;768;2326;;ELECTRONICO;31/03/2025
PL4252;9;2024;TOTAL;SD1620098;06/02/2024;15/10/2024;36690;873;3487;;PAPEL;31/03/2025
PLXJ33;0;2024;TOTAL;;08/10/2024;08/10/2024;33546;66;496;;ELECTRONICO;30/09/2025
PT5224;7;2024;TOTAL;;18/10/2024;18/10/2024;67090;132;991;;PAPEL;30/09/2025
PYFC85;0;2024;TOTAL;;01/10/2024;01/10/2024;33546;66;496;;PAPEL;30/09/2025
PYKL46;6;2024;TOTAL;CT5430031;06/02/2024;10/10/2024;343237;8166;32615;;ELECTRONICO;31/03/2025
PYTD49;0;2024;2a Cuota;CT5430045;02/08/2024;01/10/2024;82854;796;2413;;ELECTRONICO;31/03/2025
PZBC14;K;2024;TOTAL;;01/10/2024;01/10/2024;33550;66;496;;PAPEL;30/09/2025
PZBC30;1;2024;2a Cuota;CT2250052;02/08/2024;18/10/2024;180681;1737;5263;;ELECTRONICO;31/03/2025
PZPB61;K;2024;2a Cuota;SU490049;02/08/2024;29/10/2024;91560;880;2667;;PAPEL;31/03/2025
RB9915;9;2022;TOTAL;CT1760031;08/10/2024;08/10/2024;47736;5363;15152;;PAPEL;31/03/2023
RB9915;9;2023;TOTAL;CT1760031;08/10/2024;08/10/2024;42306;2038;9383;;PAPEL;31/03/2024
RB9915;9;2024;TOTAL;CT1760031;08/10/2024;08/10/2024;36693;873;3487;;PAPEL;31/03/2025
RCDD23;1;2024;2a Cuota;CT1250015;02/08/2024;01/10/2024;134320;1291;3912;;PAPEL;31/03/2025
RCKV36;3;2024;TOTAL;CT1250014;06/02/2024;15/10/2024;252384;6005;23982;;ELECTRONICO;31/03/2025
RDYC44;K;2024;TOTAL;SD1640036;18/10/2024;18/10/2024;286213;6810;27197;;PAPEL;31/03/2025
RFGP15;1;2024;TOTAL;;08/10/2024;08/10/2024;33546;66;496;;PAPEL;30/09/2025
RFVL38;8;2024;2a Cuota;HB1970186;02/08/2024;09/10/2024;85638;823;2494;;PAPEL;31/03/2025
RGGS77;5;2024;TOTAL;;07/10/2024;07/10/2024;33546;66;496;;PAPEL;30/09/2025
RGRL49;1;2024;TOTAL;;03/10/2024;03/10/2024;201271;396;2974;;PAPEL;30/09/2025
RKCW63;1;2024;2a Cuota;SU2430139;02/08/2024;06/10/2024;328249;3155;9561;;ELECTRONICO;31/03/2025
RKLX24;5;2024;2a Cuota;SU5450009;02/08/2024;09/10/2024;90580;871;2638;;PAPEL;31/03/2025
RKLX31;8;2024;TOTAL;;24/10/2024;24/10/2024;134180;264;1983;;PAPEL;30/09/2025
RKSC17;8;2024;2a Cuota;SD1620527;02/08/2024;07/10/2024;706801;6794;20586;;PAPEL;31/03/2025
RRFX11;9;2024;2a Cuota;SU5450003;02/08/2024;07/10/2024;130641;1256;3805;;ELECTRONICO;31/03/2025
RRTR85;0;2024;2a Cuota;CT1590013;02/08/2024;19/10/2024;175235;1684;5104;;ELECTRONICO;31/03/2025
RTSZ35;2;2024;2a Cuota;SD1320201;02/08/2024;05/10/2024;122531;1178;3569;;ELECTRONICO;31/03/2025
RVPF42;1;2024;2a Cuota;SD1320197;02/08/2024;18/10/2024;81520;784;2374;;PAPEL;31/03/2025
RWKG70;1;2024;TOTAL;;30/10/2024;30/10/2024;67090;132;991;;ELECTRONICO;30/09/2025
RWPX36;0;2024;TOTAL;;03/10/2024;03/10/2024;67090;132;991;;PAPEL;30/09/2025
RWRF12;5;2024;2a Cuota;CT1590013;02/08/2024;18/10/2024;175235;1684;5104;;ELECTRONICO;31/03/2025
RX9914;4;2024;TOTAL;CT790058;06/02/2024;09/10/2024;36690;873;3487;;PAPEL;31/03/2025
RY9773;1;2024;TOTAL;;01/10/2024;01/10/2024;201271;396;2974;;PAPEL;30/09/2025
RYSZ33;4;2024;TOTAL;;30/10/2024;30/10/2024;67090;132;991;;PAPEL;30/09/2025
SBRZ97;7;2023;TOTAL;SU5450015;02/10/2024;02/10/2024;284608;13713;63123;;PAPEL;31/03/2024
SBRZ97;7;2024;TOTAL;SU5450015;02/10/2024;02/10/2024;219282;5217;20837;;PAPEL;31/03/2025
SBSS78;8;2024;2a Cuota;CT1600129;02/08/2024;05/10/2024;274719;2641;8002;;ELECTRONICO;31/03/2025
SCHR66;9;2024;TOTAL;;01/10/2024;01/10/2024;30205;0;0;;PAPEL;30/09/2025
SDFV52;1;2024;2a Cuota;SU500132;02/08/2024;17/10/2024;489723;4708;14264;;PAPEL;31/03/2025
SE7667;K;2024;TOTAL;;28/10/2024;28/10/2024;134181;264;1983;;PAPEL;30/09/2025
SHLY91;2;2023;TOTAL;;03/10/2024;03/10/2024;825888;39793;183174;HUECHURABA;PAPEL;31/03/2024
SHLY91;2;2024;TOTAL;CT1660069;03/10/2024;03/10/2024;423522;10076;40244;;PAPEL;31/03/2025
SHSS32;2;2024;2a Cuota;CT1660062;02/08/2024;06/10/2024;449958;4325;13106;;ELECTRONICO;31/03/2025
SJFS17;9;2024;TOTAL;;02/10/2024;02/10/2024;134180;264;1983;;PAPEL;30/09/2025
SKBL53;1;2024;2a Cuota;CT1660071;02/08/2024;08/10/2024;302874;2911;8822;;ELECTRONICO;31/03/2025
SP8762;7;2024;TOTAL;;14/10/2024;14/10/2024;67090;132;991;;PAPEL;30/09/2025
SPWZ36;2;2024;2a Cuota;SU2430132;02/08/2024;03/10/2024;219673;2112;6398;;ELECTRONICO;31/03/2025
SXDF64;1;2024;TOTAL;;01/10/2024;01/10/2024;100636;198;1487;;PAPEL;30/09/2025
SYGJ58;1;2024;TOTAL;;02/10/2024;02/10/2024;134180;264;1983;;PAPEL;30/09/2025
TCLF56;4;2024;2a Cuota;;02/08/2024;08/10/2024;698356;6713;20340;;ELECTRONICO;31/03/2025
TCLG30;7;2024;2a Cuota;;02/08/2024;11/10/2024;177366;1705;5166;;PAPEL;31/03/2025
TCTY32;5;2024;2a Cuota;;02/08/2024;04/10/2024;298964;2874;8708;;ELECTRONICO;31/03/2025
TCTY50;3;2024;2a Cuota;;02/08/2024;01/10/2024;80863;777;2355;;ELECTRONICO;31/03/2025
TCTZ29;1;2024;2a Cuota;;02/08/2024;08/10/2024;213531;2053;6219;;ELECTRONICO;31/03/2025
TD9094;7;2024;2a Cuota;CT1760031;02/08/2024;18/10/2024;17103;164;498;;ELECTRONICO;31/03/2025
TDYY22;4;2024;2a Cuota;;02/08/2024;07/10/2024;83328;801;2427;;ELECTRONICO;31/03/2025
TGYL16;5;2024;TOTAL;CT500365;15/10/2024;15/10/2024;0;0;0;;PAPEL;31/03/2025
TJVX45;9;2024;TOTAL;;02/10/2024;03/10/2024;21967;0;0;;PAPEL;31/05/2025
TJVX50;5;2024;TOTAL;;09/10/2024;09/10/2024;21967;0;0;;PAPEL;31/05/2025
TJVX52;1;2024;TOTAL;;09/10/2024;09/10/2024;21967;0;0;;PAPEL;31/05/2025
TJVX53;K;2024;TOTAL;;30/10/2024;30/10/2024;21967;0;0;;PAPEL;31/05/2025
TJVX56;4;2024;TOTAL;;11/10/2024;11/10/2024;87013;0;0;;PAPEL;31/03/2025
TJVX60;2;2024;TOTAL;;18/10/2024;18/10/2024;80475;0;0;;PAPEL;31/03/2025
TJVX61;0;2024;TOTAL;;21/10/2024;21/10/2024;159504;0;0;;PAPEL;31/03/2025
TJVX63;7;2024;TOTAL;;22/10/2024;22/10/2024;70964;0;0;;PAPEL;31/03/2025
TJVX70;K;2024;TOTAL;;24/10/2024;24/10/2024;97224;0;0;;PAPEL;31/03/2025
TJVX81;5;2024;TOTAL;;30/10/2024;30/10/2024;165942;0;0;;PAPEL;31/03/2025
TJVX82;3;2024;TOTAL;;30/10/2024;30/10/2024;120591;0;0;;PAPEL;31/03/2025
TJVX84;K;2024;TOTAL;;30/10/2024;30/10/2024;27915;0;0;;PAPEL;31/03/2025
TJVX85;8;2024;TOTAL;;30/10/2024;30/10/2024;61164;0;0;;PAPEL;31/03/2025
TJVY95;1;2024;TOTAL;;24/10/2024;24/10/2024;123884;0;0;;PAPEL;31/03/2025
TJVY96;K;2024;TOTAL;;24/10/2024;24/10/2024;299458;0;0;;PAPEL;31/03/2025
TJVY99;4;2024;TOTAL;;25/10/2024;25/10/2024;248594;0;0;;PAPEL;31/03/2025
TL6400;K;2024;TOTAL;;01/10/2024;01/10/2024;33546;66;496;;PAPEL;30/09/2025
TLPR19;K;2024;TOTAL;;02/10/2024;03/10/2024;21967;0;0;;PAPEL;31/05/2025
TLPR20;3;2024;TOTAL;;02/10/2024;03/10/2024;21967;0;0;;PAPEL;31/05/2025
TLPR21;1;2024;TOTAL;;02/10/2024;03/10/2024;21967;0;0;;PAPEL;31/05/2025
TLPS66;8;2024;TOTAL;;25/10/2024;25/10/2024;177600;0;0;;PAPEL;31/03/2025
TLPS67;6;2024;TOTAL;;25/10/2024;25/10/2024;177600;0;0;;PAPEL;31/03/2025
TLPS68;4;2024;TOTAL;;25/10/2024;25/10/2024;177600;0;0;;PAPEL;31/03/2025
TLPS69;2;2024;TOTAL;;25/10/2024;25/10/2024;177600;0;0;;PAPEL;31/03/2025
TLPS71;4;2024;TOTAL;;29/10/2024;29/10/2024;51594;0;0;;PAPEL;31/03/2025
TLPS72;2;2024;TOTAL;;29/10/2024;29/10/2024;44188;0;0;;PAPEL;31/03/2025
TRSP63;9;2024;TOTAL;;07/10/2024;07/10/2024;460548;0;0;;PAPEL;31/03/2025
TS6994;8;2024;2a Cuota;SD2350126;02/08/2024;01/10/2024;17103;164;498;;ELECTRONICO;31/03/2025
TSGR46;7;2024;TOTAL;;29/10/2024;29/10/2024;230154;0;0;;PAPEL;31/03/2025
TSGR48;3;2024;TOTAL;;29/10/2024;29/10/2024;230154;0;0;;PAPEL;31/03/2025
TSGR49;1;2024;TOTAL;;29/10/2024;29/10/2024;230154;0;0;;PAPEL;31/03/2025
TSGR50;5;2024;TOTAL;;29/10/2024;29/10/2024;230154;0;0;;PAPEL;31/03/2025
TSGR57;2;2024;TOTAL;;29/10/2024;29/10/2024;230154;0;0;;PAPEL;31/03/2025
TSGR58;0;2024;TOTAL;;29/10/2024;29/10/2024;230154;0;0;;PAPEL;31/03/2025
TSGR60;2;2024;TOTAL;;29/10/2024;29/10/2024;230154;0;0;;PAPEL;31/03/2025
TSGR62;9;2024;TOTAL;;29/10/2024;29/10/2024;230154;0;0;;PAPEL;31/03/2025
TSGR63;7;2024;TOTAL;;29/10/2024;29/10/2024;230154;0;0;;PAPEL;31/03/2025
TSGR64;5;2024;TOTAL;;29/10/2024;29/10/2024;230154;0;0;;PAPEL;31/03/2025
TSGR66;1;2024;TOTAL;;29/10/2024;29/10/2024;230154;0;0;;PAPEL;31/03/2025
TSGR67;K;2024;TOTAL;;29/10/2024;29/10/2024;230154;0;0;;PAPEL;31/03/2025
TSGR68;8;2024;TOTAL;;29/10/2024;29/10/2024;230154;0;0;;PAPEL;31/03/2025
TSGR69;6;2024;TOTAL;;29/10/2024;29/10/2024;230154;0;0;;PAPEL;31/03/2025
TSGR70;K;2024;TOTAL;;29/10/2024;29/10/2024;230154;0;0;;PAPEL;31/03/2025
TSGR72;6;2024;TOTAL;;29/10/2024;29/10/2024;230154;0;0;;PAPEL;31/03/2025
TSGR90;4;2024;TOTAL;;01/10/2024;01/10/2024;161131;0;0;;PAPEL;31/03/2025
TSGS24;2;2024;TOTAL;;01/10/2024;01/10/2024;181060;0;0;;PAPEL;31/03/2025
TSGS27;7;2024;TOTAL;;01/10/2024;01/10/2024;184029;0;0;;PAPEL;31/03/2025
TSGS32;3;2024;TOTAL;;01/10/2024;01/10/2024;28556;0;0;;PAPEL;31/03/2025
TSGS58;7;2024;TOTAL;;01/10/2024;01/10/2024;625920;0;0;;PAPEL;31/03/2025
TSGS71;4;2024;TOTAL;;01/10/2024;01/10/2024;89126;0;0;;PAPEL;31/03/2025
TSGS74;9;2024;TOTAL;;01/10/2024;01/10/2024;90627;0;0;;PAPEL;31/03/2025
TSGS81;1;2024;TOTAL;;01/10/2024;01/10/2024;160892;0;0;;PAPEL;31/03/2025
TSGS82;K;2024;TOTAL;;01/10/2024;01/10/2024;335431;0;0;;PAPEL;31/03/2025
TSGS85;4;2024;TOTAL;;01/10/2024;01/10/2024;88059;0;0;;PAPEL;31/03/2025
TSGS92;7;2024;TOTAL;;01/10/2024;01/10/2024;185870;0;0;;PAPEL;31/03/2025
TSTH83;1;2024;TOTAL;;03/10/2024;03/10/2024;10984;0;0;;PAPEL;30/09/2025
TSWC13;6;2024;TOTAL;;01/10/2024;01/10/2024;30553;0;0;;PAPEL;31/03/2025
TSWC18;7;2024;TOTAL;;01/10/2024;01/10/2024;98059;0;0;;PAPEL;31/03/2025
TSWC24;1;2024;TOTAL;;01/10/2024;01/10/2024;86605;0;0;;PAPEL;31/03/2025
TSWC25;K;2024;TOTAL;;01/10/2024;01/10/2024;290625;0;0;;PAPEL;31/03/2025
TSWC33;0;2024;TOTAL;;01/10/2024;01/10/2024;73064;0;0;;PAPEL;31/03/2025
TSWC36;5;2024;TOTAL;;01/10/2024;01/10/2024;134689;0;0;;PAPEL;31/03/2025
TSWC37;3;2024;TOTAL;;01/10/2024;01/10/2024;160370;0;0;;PAPEL;31/03/2025
TSWC41;1;2024;TOTAL;;01/10/2024;01/10/2024;110600;0;0;;PAPEL;31/03/2025
TSWC45;4;2024;TOTAL;;01/10/2024;01/10/2024;570642;0;0;;PAPEL;31/03/2025
TSWC47;0;2024;TOTAL;;01/10/2024;01/10/2024;84914;0;0;;PAPEL;31/03/2025
TSWC48;9;2024;TOTAL;;01/10/2024;01/10/2024;41725;0;0;;PAPEL;31/03/2025
TSWC58;6;2024;TOTAL;;01/10/2024;01/10/2024;374673;0;0;;PAPEL;31/03/2025
TSWC65;9;2024;TOTAL;;02/10/2024;02/10/2024;81985;0;0;;PAPEL;31/03/2025
TSWC67;5;2024;TOTAL;;02/10/2024;02/10/2024;95946;0;0;;PAPEL;31/03/2025
TSWC68;3;2024;TOTAL;;02/10/2024;02/10/2024;89992;0;0;;PAPEL;31/03/2025
TSWC70;5;2024;TOTAL;;02/10/2024;02/10/2024;60554;0;0;;PAPEL;31/03/2025
TSWC71;3;2024;TOTAL;;03/10/2024;03/10/2024;54672;0;0;;PAPEL;31/03/2025
TSWC74;8;2024;TOTAL;;02/10/2024;02/10/2024;79882;0;0;;PAPEL;31/03/2025
TSWC77;2;2024;TOTAL;;09/10/2024;09/10/2024;193906;0;0;;PAPEL;31/03/2025
TSWC79;9;2024;TOTAL;;01/10/2024;01/10/2024;97159;0;0;;PAPEL;31/03/2025
TSWC80;2;2024;TOTAL;;03/10/2024;03/10/2024;129632;0;0;;PAPEL;31/03/2025
TSWC82;9;2024;TOTAL;;03/10/2024;03/10/2024;0;0;0;;PAPEL;31/03/2025
TSWC89;6;2024;TOTAL;;01/10/2024;01/10/2024;122560;0;0;;PAPEL;31/03/2025
TSWC99;3;2024;TOTAL;;01/10/2024;01/10/2024;94026;0;0;;PAPEL;31/03/2025
TSWD14;0;2024;TOTAL;;04/10/2024;04/10/2024;56130;0;0;;PAPEL;31/03/2025
TSWD17;5;2024;TOTAL;;04/10/2024;04/10/2024;218221;0;0;;PAPEL;31/03/2025
TSWD32;9;2024;TOTAL;;08/10/2024;08/10/2024;37906;0;0;;PAPEL;31/03/2025
TSWD40;K;2024;TOTAL;;04/10/2024;04/10/2024;42392;0;0;;PAPEL;31/03/2025
TSWD41;8;2024;TOTAL;;08/10/2024;08/10/2024;54414;0;0;;PAPEL;31/03/2025
TSWD44;2;2024;TOTAL;;08/10/2024;08/10/2024;54414;0;0;;PAPEL;31/03/2025
TSWD49;3;2024;TOTAL;;07/10/2024;07/10/2024;177896;0;0;;PAPEL;31/03/2025
TSWD55;8;2024;TOTAL;;08/10/2024;08/10/2024;244212;0;0;;PAPEL;31/03/2025
TSWD82;5;2024;TOTAL;;09/10/2024;09/10/2024;43297;0;0;;PAPEL;31/03/2025
TSWD83;3;2024;TOTAL;;09/10/2024;09/10/2024;69996;0;0;;PAPEL;31/03/2025
TSWD90;6;2024;TOTAL;;10/10/2024;10/10/2024;54105;0;0;;PAPEL;31/03/2025
TSWD91;4;2024;TOTAL;;10/10/2024;10/10/2024;171930;0;0;;PAPEL;31/03/2025
TSWD92;2;2024;TOTAL;;10/10/2024;10/10/2024;28728;0;0;;PAPEL;31/03/2025
TSWF25;2;2024;TOTAL;;11/10/2024;11/10/2024;125050;0;0;;PAPEL;31/03/2025
TSWF32;5;2024;TOTAL;;11/10/2024;11/10/2024;101731;0;0;;PAPEL;31/03/2025
TSWF35;K;2024;TOTAL;;11/10/2024;11/10/2024;359649;0;0;;PAPEL;31/03/2025
TSWF40;6;2024;TOTAL;;11/10/2024;11/10/2024;134757;0;0;;PAPEL;31/03/2025
TSWF42;2;2024;TOTAL;;14/10/2024;14/10/2024;34702;0;0;;PAPEL;31/03/2025
TSWF51;1;2024;TOTAL;;14/10/2024;14/10/2024;141762;0;0;;PAPEL;31/03/2025
TSWF52;K;2024;TOTAL;;14/10/2024;14/10/2024;38483;0;0;;PAPEL;31/03/2025
TSWF57;0;2024;TOTAL;;15/10/2024;15/10/2024;43582;0;0;;PAPEL;31/03/2025
TSWF58;9;2024;TOTAL;;15/10/2024;15/10/2024;178652;0;0;;PAPEL;31/03/2025
TSWF65;1;2024;TOTAL;;14/10/2024;14/10/2024;56130;0;0;;PAPEL;31/03/2025
TSWF67;8;2024;TOTAL;;15/10/2024;15/10/2024;37050;0;0;;PAPEL;31/03/2025
TSWF69;4;2024;TOTAL;;15/10/2024;15/10/2024;69452;0;0;;PAPEL;31/03/2025
TSWF71;6;2024;TOTAL;;14/10/2024;14/10/2024;64954;0;0;;PAPEL;31/03/2025
TSWF72;4;2024;TOTAL;;15/10/2024;15/10/2024;68601;0;0;;PAPEL;31/03/2025
TSWF73;2;2024;TOTAL;;15/10/2024;15/10/2024;60591;0;0;;PAPEL;31/03/2025
TSWF75;9;2024;TOTAL;;15/10/2024;15/10/2024;178652;0;0;;PAPEL;31/03/2025
TSWF79;1;2024;TOTAL;;15/10/2024;15/10/2024;48081;0;0;;PAPEL;31/03/2025
TSWF80;5;2024;TOTAL;;15/10/2024;15/10/2024;149797;0;0;;PAPEL;31/03/2025
TSWF81;3;2024;TOTAL;;15/10/2024;15/10/2024;71122;0;0;;PAPEL;31/03/2025
TSWF82;1;2024;TOTAL;;15/10/2024;15/10/2024;59785;0;0;;PAPEL;31/03/2025
TSWF83;K;2024;TOTAL;;15/10/2024;15/10/2024;69996;0;0;;PAPEL;31/03/2025
TSWF84;8;2024;TOTAL;;15/10/2024;15/10/2024;65450;0;0;;PAPEL;31/03/2025
TSWF86;4;2024;TOTAL;;15/10/2024;15/10/2024;98367;0;0;;PAPEL;31/03/2025
TSWF87;2;2024;TOTAL;;16/10/2024;16/10/2024;78819;0;0;;PAPEL;31/03/2025
TSWF89;9;2024;TOTAL;;15/10/2024;15/10/2024;61802;0;0;;PAPEL;31/03/2025
TSWF91;0;2024;TOTAL;;15/10/2024;15/10/2024;44155;0;0;;PAPEL;31/03/2025
TSWF93;7;2024;TOTAL;;16/10/2024;16/10/2024;46992;0;0;;PAPEL;31/03/2025
TSWG11;9;2024;TOTAL;;16/10/2024;16/10/2024;150081;0;0;;PAPEL;31/03/2025
TSWG12;7;2024;TOTAL;;16/10/2024;16/10/2024;57887;0;0;;PAPEL;31/03/2025
TSWG13;5;2024;TOTAL;;16/10/2024;16/10/2024;65372;0;0;;PAPEL;31/03/2025
TSWG22;4;2024;TOTAL;;16/10/2024;16/10/2024;41444;0;0;;PAPEL;31/03/2025
TSWG25;9;2024;TOTAL;;17/10/2024;17/10/2024;63427;0;0;;PAPEL;31/03/2025
TSWG26;7;2024;TOTAL;;17/10/2024;17/10/2024;63427;0;0;;PAPEL;31/03/2025
TSWG50;K;2024;TOTAL;;18/10/2024;18/10/2024;126679;0;0;;PAPEL;31/03/2025
TSWG51;8;2024;TOTAL;;18/10/2024;18/10/2024;85093;0;0;;PAPEL;31/03/2025
TSWG53;4;2024;TOTAL;;18/10/2024;18/10/2024;171930;0;0;;PAPEL;31/03/2025
TSWG58;5;2024;TOTAL;;18/10/2024;18/10/2024;61534;0;0;;PAPEL;31/03/2025
TSWG61;5;2024;TOTAL;;18/10/2024;18/10/2024;162865;0;0;;PAPEL;31/03/2025
TSWG62;3;2024;TOTAL;;18/10/2024;18/10/2024;40325;0;0;;PAPEL;31/03/2025
TSWG68;2;2024;TOTAL;;18/10/2024;18/10/2024;54795;0;0;;PAPEL;31/03/2025
TSWG90;9;2024;TOTAL;;21/10/2024;21/10/2024;84795;0;0;;PAPEL;31/03/2025
TSWG92;5;2024;TOTAL;;21/10/2024;21/10/2024;56130;0;0;;PAPEL;31/03/2025
TSWH38;7;2024;TOTAL;;22/10/2024;22/10/2024;184714;0;0;;PAPEL;31/03/2025
TSWH39;5;2024;TOTAL;;22/10/2024;22/10/2024;199672;0;0;;PAPEL;31/03/2025
TSWH41;7;2024;TOTAL;;22/10/2024;22/10/2024;143537;0;0;;PAPEL;31/03/2025
TSWH42;5;2024;TOTAL;;22/10/2024;22/10/2024;143537;0;0;;PAPEL;31/03/2025
TSWH43;3;2024;TOTAL;;22/10/2024;22/10/2024;67770;0;0;;PAPEL;31/03/2025
TSWH44;1;2024;TOTAL;;22/10/2024;22/10/2024;122350;0;0;;PAPEL;31/03/2025
TSWH45;K;2024;TOTAL;;22/10/2024;22/10/2024;92147;0;0;;PAPEL;31/03/2025
TSWH48;4;2024;TOTAL;;22/10/2024;22/10/2024;71091;0;0;;PAPEL;31/03/2025
TSWH57;3;2024;TOTAL;;23/10/2024;23/10/2024;149420;0;0;;PAPEL;31/03/2025
TSWH63;8;2024;TOTAL;;23/10/2024;23/10/2024;69178;0;0;;PAPEL;31/03/2025
TSWH72;7;2024;TOTAL;;23/10/2024;23/10/2024;43914;0;0;;PAPEL;31/03/2025
TSWH76;K;2024;TOTAL;;23/10/2024;23/10/2024;41634;0;0;;PAPEL;31/03/2025
TSWH77;8;2024;TOTAL;;23/10/2024;23/10/2024;97230;0;0;;PAPEL;31/03/2025
TSWH94;8;2024;TOTAL;;24/10/2024;24/10/2024;166695;0;0;;PAPEL;31/03/2025
TSWH95;6;2024;TOTAL;;24/10/2024;24/10/2024;105735;0;0;;PAPEL;31/03/2025
TTGT14;6;2024;TOTAL;;24/10/2024;24/10/2024;27915;0;0;;PAPEL;31/03/2025
TTGT23;5;2024;TOTAL;;25/10/2024;25/10/2024;84899;0;0;;PAPEL;31/03/2025
TTGT24;3;2024;TOTAL;;24/10/2024;24/10/2024;196140;0;0;;PAPEL;31/03/2025
TTGT28;6;2024;TOTAL;;25/10/2024;25/10/2024;105722;0;0;;PAPEL;31/03/2025
TTGT32;4;2024;TOTAL;;24/10/2024;24/10/2024;235597;0;0;;PAPEL;31/03/2025
TTGT50;2;2024;TOTAL;;28/10/2024;28/10/2024;80267;0;0;;PAPEL;31/03/2025
TTGT52;9;2024;TOTAL;;25/10/2024;25/10/2024;97140;0;0;;PAPEL;31/03/2025
TTGT53;7;2024;TOTAL;;28/10/2024;28/10/2024;43297;0;0;;PAPEL;31/03/2025
TTGT82;0;2024;TOTAL;;28/10/2024;28/10/2024;64954;0;0;;PAPEL;31/03/2025
TTGV28;2;2024;TOTAL;;29/10/2024;29/10/2024;153621;0;0;;PAPEL;31/03/2025
TTGV34;7;2024;TOTAL;;29/10/2024;29/10/2024;69527;0;0;;PAPEL;31/03/2025
TTGV35;5;2024;TOTAL;;29/10/2024;29/10/2024;85347;0;0;;PAPEL;31/03/2025
TTGV39;8;2024;TOTAL;;29/10/2024;29/10/2024;222935;0;0;;PAPEL;31/03/2025
TTGV41;K;2024;TOTAL;;29/10/2024;29/10/2024;0;0;0;;PAPEL;31/03/2025
TTGV43;6;2024;TOTAL;;29/10/2024;29/10/2024;69231;0;0;;PAPEL;31/03/2025
TTGV44;4;2024;TOTAL;;29/10/2024;29/10/2024;47035;0;0;;PAPEL;31/03/2025
TTGV45;2;2024;TOTAL;;29/10/2024;29/10/2024;37833;0;0;;PAPEL;31/03/2025
TTGV46;0;2024;TOTAL;;29/10/2024;29/10/2024;33307;0;0;;PAPEL;31/03/2025
TTGV52;5;2024;TOTAL;;29/10/2024;29/10/2024;240318;0;0;;PAPEL;31/03/2025
TTGV54;1;2024;TOTAL;;29/10/2024;29/10/2024;37833;0;0;;PAPEL;31/03/2025
TTGV56;8;2024;TOTAL;;30/10/2024;30/10/2024;170806;0;0;;PAPEL;31/03/2025
TTGV57;6;2024;TOTAL;;30/10/2024;30/10/2024;62992;0;0;;PAPEL;31/03/2025
TTGV70;3;2024;TOTAL;;30/10/2024;30/10/2024;33307;0;0;;PAPEL;31/03/2025
TTGV73;8;2024;TOTAL;;30/10/2024;30/10/2024;33307;0;0;;PAPEL;31/03/2025
TTGV75;4;2024;TOTAL;;30/10/2024;30/10/2024;43297;0;0;;PAPEL;31/03/2025
TTGV76;2;2024;TOTAL;;30/10/2024;30/10/2024;0;0;0;;PAPEL;31/03/2025
TTGW12;2;2024;TOTAL;;30/10/2024;30/10/2024;78748;0;0;;PAPEL;31/03/2025
TTGW13;0;2024;TOTAL;;30/10/2024;30/10/2024;33307;0;0;;PAPEL;31/03/2025
TTGW16;5;2024;TOTAL;;30/10/2024;30/10/2024;55366;0;0;;PAPEL;31/03/2025
TTGW17;3;2024;TOTAL;;30/10/2024;30/10/2024;45912;0;0;;PAPEL;31/03/2025
TTGW21;1;2024;TOTAL;;30/10/2024;30/10/2024;80270;0;0;;PAPEL;31/03/2025
TTGW26;2;2024;TOTAL;;30/10/2024;30/10/2024;72382;0;0;;PAPEL;31/03/2025
TTGW31;9;2024;TOTAL;;30/10/2024;30/10/2024;36521;0;0;;PAPEL;31/03/2025
TTGW41;6;2024;TOTAL;;30/10/2024;30/10/2024;59055;0;0;;PAPEL;31/03/2025
TTSC13;4;2024;TOTAL;;21/10/2024;21/10/2024;191161;0;0;;PAPEL;31/03/2025
TW3212;0;2023;2a Cuota;CO520051;01/08/2023;15/10/2024;19912;813;3456;;ELECTRONICO;31/03/2024
TW3212;0;2024;TOTAL;CO520051;06/02/2024;15/10/2024;36693;873;3487;;ELECTRONICO;31/03/2025
TW3555;4;2024;TOTAL;;06/02/2024;15/10/2024;36693;873;3487;;ELECTRONICO;31/03/2025
TXB012;6;2024;TOTAL;;06/02/2024;03/10/2024;36693;873;3487;;ELECTRONICO;31/03/2025
TZ3834;9;2024;TOTAL;SD2290014;06/02/2024;30/10/2024;36690;873;3487;;PAPEL;31/03/2025
TZ4908;1;2024;2a Cuota;SU2290062;02/08/2024;28/10/2024;17103;164;498;;ELECTRONICO;31/03/2025
UC6206;3;2023;TOTAL;HB2350012;08/10/2024;08/10/2024;42306;2038;9383;;PAPEL;31/03/2024
UC6206;3;2024;TOTAL;HB2350012;08/10/2024;08/10/2024;36693;873;3487;;PAPEL;31/03/2025
UC8954;9;2024;TOTAL;CT2350040;06/02/2024;02/10/2024;36693;873;3487;;ELECTRONICO;31/03/2025
UJ5283;9;2024;TOTAL;;07/10/2024;07/10/2024;70840;1101;4942;;PAPEL;31/05/2025
UK7028;9;2024;TOTAL;;08/10/2024;08/10/2024;134181;264;1983;;PAPEL;30/09/2025
UK7124;2;2024;TOTAL;;07/10/2024;07/10/2024;201270;396;2974;;PAPEL;30/09/2025
UL9231;7;2024;TOTAL;;10/10/2024;10/10/2024;67090;132;991;;ELECTRONICO;30/09/2025
UL9460;3;2024;TOTAL;;02/10/2024;02/10/2024;201270;396;2974;;PAPEL;30/09/2025
US5015;7;2024;TOTAL;;01/10/2024;01/10/2024;134180;264;1983;;PAPEL;30/09/2025
UX5896;2;2022;TOTAL;CT2350044;02/10/2024;02/10/2024;47731;5363;15152;;PAPEL;31/03/2023
UX5896;2;2023;TOTAL;CT2350044;02/10/2024;02/10/2024;42306;2038;9383;;PAPEL;31/03/2024
UX5896;2;2024;TOTAL;CT2350044;02/10/2024;02/10/2024;36693;873;3487;;PAPEL;31/03/2025
VL5625;8;2024;TOTAL;;30/10/2024;30/10/2024;134181;264;1983;;PAPEL;30/09/2025
VL6649;0;2021;TOTAL;HB500045;24/10/2024;24/10/2024;54089;7392;21208;;PAPEL;31/03/2022
VL6649;0;2022;TOTAL;HB500045;24/10/2024;24/10/2024;47736;5363;15152;;PAPEL;31/03/2023
VL6649;0;2023;TOTAL;HB500045;24/10/2024;24/10/2024;42306;2038;9383;;PAPEL;31/03/2024
VL6649;0;2024;TOTAL;HB500045;24/10/2024;24/10/2024;36693;873;3487;;PAPEL;31/03/2025
VL9567;9;2024;2a Cuota;SU2270162;02/08/2024;15/10/2024;17103;164;498;;ELECTRONICO;31/03/2025
VP3861;3;2024;TOTAL;;25/10/2024;25/10/2024;70836;1101;4942;;PAPEL;31/05/2025
VV6407;2;2022;TOTAL;HB2430133;18/10/2024;18/10/2024;47731;5363;15152;;PAPEL;31/03/2023
VV6407;2;2023;TOTAL;HB2430133;18/10/2024;18/10/2024;42306;2038;9383;;PAPEL;31/03/2024
VV6407;2;2024;TOTAL;HB2430133;18/10/2024;18/10/2024;36693;873;3487;;PAPEL;31/03/2025
WA6596;3;2022;TOTAL;HB2290069;09/10/2024;09/10/2024;47731;5363;15152;PUERTO MONTT;PAPEL;31/03/2023
WA6596;3;2023;TOTAL;HB2290069;09/10/2024;09/10/2024;42306;2038;9383;PUERTO MONTT;PAPEL;31/03/2024
WA6596;3;2024;TOTAL;HB2290069;09/10/2024;09/10/2024;36693;873;3487;;PAPEL;31/03/2025
WE7411;1;2024;TOTAL;;07/10/2024;07/10/2024;201271;396;2974;;PAPEL;30/09/2025
WF8311;5;2024;TOTAL;;18/10/2024;18/10/2024;70836;1101;4942;;PAPEL;31/05/2025
WR2140;8;2024;TOTAL;HB2290077;16/05/2024;01/10/2024;36693;873;3487;;PAPEL;31/03/2025
WT7373;3;2024;TOTAL;;02/10/2024;02/10/2024;67090;132;991;;PAPEL;30/09/2025
WW5150;1;2024;TOTAL;;17/10/2024;17/10/2024;201271;396;2974;;PAPEL;30/09/2025
WY4017;7;2024;2a Cuota;HB500079;02/08/2024;30/10/2024;17103;164;498;;ELECTRONICO;31/03/2025
XJ4853;3;2023;2a Cuota;VN1660034;01/08/2023;28/10/2024;19912;813;3456;;ELECTRONICO;31/03/2024
XJ4853;3;2024;TOTAL;VN1660034;06/02/2024;28/10/2024;36693;873;3487;;ELECTRONICO;31/03/2025
XS5813;4;2024;2a Cuota;SU500047;02/08/2024;25/10/2024;17103;164;498;;PAPEL;31/03/2025
XV2211;7;2024;2a Cuota;;04/10/2024;30/10/2024;49574;0;0;;PAPEL;30/09/2025
XZ6974;3;2024;TOTAL;;01/10/2024;01/10/2024;67090;132;991;;PAPEL;30/09/2025
XZ8257;K;2023;TOTAL;;04/10/2024;04/10/2024;238149;9309;38861;MARIQUINA;PAPEL;30/09/2024
XZ8257;K;2024;TOTAL;;04/10/2024;04/10/2024;201271;396;2974;;PAPEL;30/09/2025
YJ2811;9;2024;2a Cuota;SD2350149;02/08/2024;05/10/2024;17103;164;498;;ELECTRONICO;31/03/2025
YN6236;1;2024;TOTAL;;09/10/2024;09/10/2024;67090;132;991;;PAPEL;30/09/2025
YN8494;2;2024;TOTAL;HB1840090;06/02/2024;26/10/2024;36693;873;3487;;ELECTRONICO;31/03/2025
YOG238;0;2023;TOTAL;;24/10/2024;24/10/2024;42307;2038;9383;;PAPEL;31/03/2024
YOG238;0;2024;TOTAL;;24/10/2024;24/10/2024;36693;873;3487;;PAPEL;31/03/2025
YOG612;2;2022;TOTAL;;17/10/2024;17/10/2024;19221;0;0;;ELECTRONICO;31/03/2023
YOG612;2;2023;TOTAL;;17/10/2024;17/10/2024;42306;2038;9383;;ELECTRONICO;31/03/2024
YOG612;2;2024;TOTAL;;17/10/2024;17/10/2024;36693;873;3487;;ELECTRONICO;31/03/2025
YOG716;1;2024;TOTAL;;09/10/2024;09/10/2024;16475;0;0;;PAPEL;31/03/2025
YOG717;0;2024;TOTAL;;28/10/2024;28/10/2024;13729;0;0;;PAPEL;31/03/2025
YOG725;2;2024;TOTAL;;30/10/2024;30/10/2024;8238;0;0;;PAPEL;31/03/2025
YOG732;5;2024;TOTAL;;11/10/2024;11/10/2024;8238;0;0;;PAPEL;31/03/2025
YOG733;5;2024;TOTAL;;29/10/2024;29/10/2024;8238;0;0;;PAPEL;31/03/2025
YX1516;9;2021;TOTAL;CO520034;23/10/2024;23/10/2024;54085;7392;21208;OSORNO;PAPEL;31/03/2022
YX1516;9;2022;TOTAL;CO520034;23/10/2024;23/10/2024;47736;5363;15152;OSORNO;PAPEL;31/03/2023
YX1516;9;2023;TOTAL;CO520034;23/10/2024;23/10/2024;42306;2038;9383;OSORNO;PAPEL;31/03/2024
YX1516;9;2024;TOTAL;CO520034;23/10/2024;23/10/2024;36693;873;3487;;PAPEL;31/03/2025
ZJ8761;K;2024;TOTAL;;02/10/2024;02/10/2024;67090;132;991;;PAPEL;30/09/2025
ZT5041;8;2024;TOTAL;VN1210011;06/02/2024;21/10/2024;77235;1838;7339;;ELECTRONICO;31/03/2025
ZT6319;6;2024;2a Cuota;;04/10/2024;30/10/2024;33050;0;0;;PAPEL;30/09/2025
ZU6309;3;2024;TOTAL;;10/10/2024;10/10/2024;67090;132;991;;PAPEL;30/09/2025
ZV5134;9;2024;TOTAL;;29/10/2024;29/10/2024;201271;396;2974;;PAPEL;30/09/2025
